Tanggal,Total Discarded,Isolasi di RS (Discarded),Isolasi di Rumah (Discarded),Meninggal (Discarded),Selesai Isolasi (Discarded),Total Kontak Erat,Isolasi di RS (Kontak Erat),Isolasi di Rumah (Kontak Erat),Meninggal (Kontak Erat),Selesai Isolasi (Kontak Erat),Total Pelaku Perjalanan,Isolasi di RS (Pelaku Perjalanan),Isolasi di Rumah (Pelaku Perjalanan),Meninggal (Pelaku Perjalanan),Selesai Isolasi (Pelaku Perjalanan),Total Probable,Isolasi di RS (Probable),Isolasi di Rumah (Probable),Meninggal (Probable),Selesai Isolasi (Probable),Total Suspek,Isolasi di RS (Suspek),Isolasi di Rumah (Suspek),Meninggal (Suspek),Selesai Isolasi (Suspek),GRAND TOTAL
7/17/2020,5712,,,,5712,78725,,5191,,73534,1794,,41,,1753,42,1,,4,37,51507,981,504,2194,47828,137780
7/18/2020,5713,,,,5713,80382,,6531,,73851,1803,,45,,1758,42,,,4,38,52081,780,584,2194,48523,140021
7/19/2020,5713,,,,5713,81327,,7372,,73955,1803,,45,,1758,42,,,4,38,52586,1136,610,2194,48646,141471
7/20/2020,5713,,,,5713,81739,,5547,,76192,1809,,36,,1773,42,,,4,38,52714,1067,602,2194,48851,142017
7/21/2020,5643,,,,5643,82860,,5934,,76926,1824,,46,,1778,42,,,4,38,52957,1158,725,2194,48880,143326
7/22/2020,5591,,,,5591,84560,,7159,,77401,1838,,57,,1781,42,,,4,38,53317,1379,877,2194,48867,145348
7/23/2020,5591,,,,5591,86226,,8411,,77815,1870,,89,,1781,42,,,4,38,53829,1608,1144,2194,48883,147558
7/24/2020,5591,,,,5591,88164,,8757,,79407,1898,,94,,1804,42,,,4,38,54401,1860,1440,2194,48907,150096
7/25/2020,5591,,,,5591,89710,,10002,,79708,1923,,106,,1817,42,,,4,38,55104,2070,1747,2194,49093,152370
7/26/2020,5818,,,1,5817,89951,,9666,,80285,1928,,106,,1822,313,,,275,38,55366,1557,1434,2226,50149,153376
7/27/2020,5818,,,1,5817,90652,,9452,,81200,1931,,106,,1825,314,,,276,38,55673,1563,1472,2226,50412,154388
7/28/2020,5818,,,1,5817,92456,,9901,,82555,1944,,113,,1831,314,,,276,38,56476,1546,1805,2226,50899,157008
7/29/2020,5818,,,1,5817,93944,,10371,,83573,1968,,129,,1839,328,,,290,38,57267,1585,2067,2226,51389,159325
7/30/2020,5818,,,1,5817,95827,,10663,,85164,1999,,143,,1856,600,,,562,38,58164,1585,2322,2226,52031,162408
7/31/2020,5818,,,1,5817,96920,,10389,,86531,2004,,134,,1870,628,,,590,38,58603,1617,2229,2226,52531,163973
8/1/2020,5871,,,1,5870,97630,,10873,,86757,2009,,137,,1872,628,,,590,38,58891,1656,2342,2226,52667,165029
8/2/2020,6014,,,1,6013,97755,,10747,,87008,2009,,136,,1873,628,,,590,38,59795,1974,2523,2226,53072,166201
8/3/2020,6014,,,1,6013,97872,,9436,,88436,2009,,123,,1886,644,,,606,38,60656,1841,3070,2226,53519,167195
8/4/2020,6014,,,1,6013,99037,,9278,,89759,2024,,125,,1899,718,,,680,38,61131,1854,3021,2258,53998,168924
8/5/2020,6014,,,1,6013,100777,,9281,,91496,2060,,120,,1940,746,,,708,38,61794,1941,2989,2258,54606,171391
8/6/2020,6014,,,1,6013,102537,,9517,,93020,2082,,126,,1956,746,,,708,38,62242,1787,2754,2258,55443,173621
8/7/2020,6014,,,1,6013,104170,,9597,,94573,2104,,108,,1996,760,,,722,38,62717,1573,2541,2258,56345,175765
8/8/2020,6014,,,1,6013,105713,,10770,,94943,2120,,119,,2001,764,,,726,38,63407,1549,2953,2258,56647,178018
8/9/2020,6014,,,1,6013,105884,,10769,,95115,2129,,128,,2001,769,2,,729,38,64500,1483,3935,2258,56824,179296
8/10/2020,6014,,,1,6013,106440,,9906,,96534,2131,,117,,2014,770,2,,730,38,64941,1722,3318,2258,57643,180296
8/11/2020,6014,,,1,6013,108116,,9893,,98223,2165,,108,,2057,854,2,,814,38,65563,1573,3205,2258,58527,182712
8/12/2020,6014,,,1,6013,109769,,9766,,100003,2198,,118,,2080,875,2,,835,38,66117,1411,2991,2258,59457,184973
8/13/2020,6014,,,1,6013,111003,,9508,,101495,2210,,115,,2095,895,2,,855,38,66656,1221,2987,2258,60190,186778
8/14/2020,6014,,,1,6013,112430,,10781,,101649,2233,,134,,2099,913,2,,873,38,67288,1387,3182,2266,60453,188878
8/15/2020,6014,,,1,6013,113694,,11862,,101832,2274,,174,,2100,913,2,,873,38,67827,1455,3411,2266,60695,190722
8/16/2020,6014,,,1,6013,114978,,12775,,102203,2279,,177,,2102,914,1,1,874,38,68741,1987,3431,2267,61056,192926
8/17/2020,6014,,,1,6013,116142,,12393,,103749,2281,,166,,2115,914,1,1,874,38,69405,2117,3440,2267,61581,194756
8/18/2020,6014,,,1,6013,118242,,13228,,105014,2281,,143,,2138,915,2,,875,38,70590,2221,4085,2267,62017,198042
8/19/2020,6014,,,1,6013,119803,,13214,,106589,2305,,146,,2159,997,4,,949,44,71215,2405,3961,2251,62598,200334
8/20/2020,6065,,,1,6064,120905,,12323,,108582,2315,,128,,2187,1055,8,,990,57,71807,2419,3723,2267,63398,202147
8/21/2020,6068,,,1,6067,122832,,12706,,110126,2316,,107,,2209,1057,9,,990,58,73324,2474,4063,2267,64520,205597
8/22/2020,6118,,,1,6117,124236,,14023,,110213,2318,,107,,2211,1074,15,,990,69,74511,2092,5213,2267,64939,208257
8/23/2020,6140,,,1,6139,125760,,15452,,110308,2322,,111,,2211,1079,16,2,990,71,75321,2272,5749,2267,65033,210622
8/24/2020,6170,,,1,6169,127308,,14315,,112993,2322,,98,,2224,1134,16,2,1045,71,76186,2144,5647,2294,66101,213120
8/25/2020,6221,,,1,6220,128406,,13545,,114861,2343,,111,,2232,1218,18,,1129,71,76702,2303,5048,2294,67057,214890
8/26/2020,6281,,,1,6280,129580,,11882,,117698,2362,,81,,2281,1236,31,,1129,76,77254,2348,4179,2294,68433,216713
8/27/2020,6368,,,1,6367,130391,,10804,,119587,2372,,88,,2284,1243,31,,1129,83,77651,1771,4669,2294,68917,218025
8/28/2020,6415,,,1,6414,131373,,9346,,122027,2375,,61,,2314,1354,42,,1228,84,78289,1447,3719,2302,70821,219806
8/29/2020,6478,,,1,6477,132195,,10141,,122054,2380,,66,,2314,1356,46,,1216,94,78878,1486,3690,2302,71400,221287
8/30/2020,6488,,,1,6487,133831,,11244,,122587,2380,,65,,2315,1366,53,,1216,97,79628,1981,3879,2302,71466,223693
8/31/2020,6526,,,1,6525,136052,,10453,,125599,2380,,59,,2321,1427,51,,1276,100,81695,1789,4617,2302,72987,228080
9/1/2020,6628,,,1,6627,136969,,11221,,125748,2380,,59,,2321,1490,59,,1326,105,82397,1863,5071,2302,73161,229864
9/2/2020,6684,,,1,6683,141069,,11764,,129305,2381,,43,,2338,1506,43,,1326,137,84760,2361,5318,2302,74779,236400
9/3/2020,6743,,,1,6742,142634,,12862,,129772,2382,,43,,2339,1652,39,,1461,152,85956,2290,6062,2302,75302,239367
9/4/2020,6826,,,1,6825,145212,,14132,,131080,2388,,44,,2344,1665,36,,1461,168,87522,2409,6500,2302,76311,243613
9/5/2020,6954,,,1,6953,147145,,15686,,131459,2390,,46,,2344,1737,42,,1518,177,88643,2464,7300,2302,76577,246869
9/6/2020,6954,,,1,6953,147145,,15686,,131459,2390,,46,,2344,1737,41,,1518,178,88643,2461,7300,2302,76580,246869
9/7/2020,7003,,,1,7002,150390,,15795,,134595,2396,,30,,2366,1847,42,,1618,187,90223,2003,7748,2302,78170,251859
9/8/2020,7098,,,1,7097,151489,,15704,,135785,2439,,66,,2373,1860,42,,1618,200,90966,1963,7874,2302,78827,253852
9/9/2020,7171,,,1,7170,154152,,16745,,137407,2452,,72,,2380,2005,43,,1734,228,92773,2187,8072,2302,80212,258553
9/10/2020,7171,,,1,7170,155683,,16728,,138955,2460,,77,,2383,2005,38,,1734,233,93553,2252,7600,2302,81399,260872
9/11/2020,7196,,,1,7195,156809,,15682,,141127,2464,,77,,2387,2015,40,,1734,241,94699,2033,7561,2302,82803,263183
9/12/2020,7196,,,1,7195,159315,,17598,,141717,2482,1,79,,2402,2015,35,,1734,246,96210,2403,7614,2304,83889,267218
9/13/2020,7196,,,1,7195,160315,,18415,,141900,2492,,90,,2402,2015,30,,1734,251,96820,2258,8007,2305,84250,268838
9/14/2020,7352,,,1,7351,162775,,17947,,144828,2501,,95,,2406,2131,40,,1838,253,99116,2205,8190,2305,86416,273875
9/15/2020,7352,,,1,7351,164503,,17057,,147446,2517,,106,,2411,2131,38,,1838,255,99802,2251,7479,2305,87767,276305
9/16/2020,7476,,,1,7475,168612,,20502,,148110,2536,,121,,2415,2214,50,,1909,255,102330,2244,8988,2311,88787,283168
9/17/2020,7565,,,1,7564,170098,,20077,,150021,2554,,123,,2431,2234,50,,1926,258,103480,2322,9059,2311,89788,285931
9/18/2020,7602,,,1,7601,176674,,21621,,155053,2559,,103,,2456,2340,49,,2026,265,107307,1774,10118,2311,93104,296482
9/19/2020,7656,,,1,7655,179750,,23061,,156689,2568,,111,,2457,2346,45,,2031,270,109423,2143,10597,2311,94372,301743
9/20/2020,7722,,,1,7721,181283,,23831,,157452,2572,,112,,2460,2348,40,,2031,277,110659,2168,10979,2311,95201,304584
9/21/2020,7851,,,1,7850,182603,,21903,,160700,2572,,105,,2467,2462,25,,2144,293,111163,2056,10339,2311,96457,306651
9/22/2020,7948,,,1,7947,185846,,22114,,163732,2573,,88,,2485,2596,25,,2273,298,113190,2131,9885,2311,98863,312153
9/23/2020,7948,,,1,7947,187836,,21220,,166616,2586,,92,,2494,2657,23,,2334,300,114165,2542,8922,2311,100390,315192
9/24/2020,7948,,,1,7947,189533,,20398,,169135,2593,,98,,2495,2735,21,,2412,302,115390,2092,9176,2311,101811,318199
9/25/2020,8081,,,1,8080,192040,,19728,,172312,2635,,114,,2521,2743,26,,2413,304,117400,2092,9193,2311,103804,322899
9/26/2020,8081,,,1,8080,193870,,19586,,174284,2638,,77,,2561,2783,22,,2453,308,118396,2272,8627,2311,105186,325768
9/27/2020,8138,,,1,8137,195972,,20616,,175356,2680,,111,,2569,2822,30,,2478,314,120426,2365,9753,2311,105997,330038
9/28/2020,8264,,,1,8263,201687,,22709,,178978,2680,,103,,2577,2864,29,,2518,317,122732,1971,10447,2311,108003,338227
9/29/2020,8264,,,1,8263,204027,,21943,,182084,2680,,89,,2591,2867,26,,2518,323,124081,2069,9937,2311,109764,341919
9/30/2020,8303,,,1,8302,207964,,22973,,184991,2691,,90,,2601,2999,26,,2648,325,126169,1714,10485,2311,111659,348126
10/1/2020,8379,,,1,8378,209994,,21881,,188113,2705,,96,,2609,3044,30,,2688,326,127949,1451,10902,2311,113285,352071
10/2/2020,8379,,,1,8378,215687,,23648,,192039,2718,,104,,2614,3077,28,,2721,328,130383,1460,11454,2311,115158,360244
10/3/2020,8379,,,1,8378,219356,,25468,,193888,2718,,104,,2614,3114,27,,2758,329,131975,2047,11541,2311,116076,365542
10/4/2020,8379,,,1,8378,222028,,26986,,195042,2718,,104,,2614,3114,25,,2758,331,132842,1995,12262,2311,116274,369081
10/5/2020,8379,,,1,8378,224298,,26129,,198169,2718,,78,,2640,3169,18,,2813,338,133530,2170,11262,2311,117787,372094
10/6/2020,8699,,,1,8698,226605,,25612,,200993,2746,,73,,2673,3242,16,,2874,352,136106,2270,11811,2311,119714,377398
10/7/2020,8809,,,1,8808,232428,,27880,,204548,2754,,35,,2719,3286,20,,2912,354,139002,1897,12970,2311,121824,386279
10/8/2020,8884,,,1,8883,238019,,29786,,208233,2768,,33,,2735,3346,34,,2955,357,142333,1964,13920,2311,124138,395350
10/9/2020,8884,,,1,8883,240257,,31485,,208772,2768,,33,,2735,3397,34,,3006,357,143804,2047,15186,2311,124260,399110
10/10/2020,8884,,,1,8883,243775,,30800,,212975,2768,,31,,2737,3397,30,,3006,361,145808,2256,14918,2311,126323,404632
10/11/2020,9014,,,1,9013,246751,,31676,,215075,2827,,35,,2792,3414,38,,3006,370,147916,2375,15614,2311,127616,409922
10/12/2020,9014,,,1,9013,249828,,29407,,220421,2827,,28,,2799,3486,34,,3078,374,149319,2299,14261,2311,130448,414474
10/13/2020,9014,,,1,9013,252575,,28133,,224442,2827,,22,,2805,3486,33,,3078,375,151453,2468,13605,2311,133069,419355
10/14/2020,9167,,,1,9166,254730,,26020,,228710,2865,,21,,2844,3493,38,,3078,377,153437,2578,13153,2311,135395,423692
10/15/2020,9172,,,1,9171,259093,,25835,,233258,2889,,25,,2864,3644,38,,3220,386,156858,2119,14340,2311,138088,431656
10/16/2020,9172,,,1,9171,262702,,25129,,237573,2889,,24,,2865,3684,35,,3260,389,158874,1998,13865,2311,140700,437321
10/17/2020,9172,,,1,9171,267580,,28303,,239277,2898,,24,,2874,3690,37,,3260,393,159679,1714,13866,2311,141788,443019
10/18/2020,9172,,,1,9171,271067,,30374,,240693,2898,,24,,2874,3690,36,,3260,394,162501,1857,15490,2311,142843,449328
10/19/2020,9172,,,1,9171,273009,,27847,,245162,2898,,21,,2877,3690,27,,3260,403,163356,2181,13136,2311,145728,452125
10/20/2020,9234,,,1,9233,276749,,27954,,248795,2910,,24,,2886,3691,25,,3260,406,166320,2197,13255,2311,148557,458904
10/21/2020,9234,,,1,9233,278637,,26293,,252344,2933,,31,,2902,3700,29,,3260,411,167829,1949,12304,2311,151265,462333
10/22/2020,9257,,,1,9256,280838,,24196,,256642,2946,,31,,2915,3744,27,,3302,415,168692,1676,11528,2311,153177,465477
10/23/2020,9383,,,1,9382,283186,,25571,,257615,2967,,32,,2935,3747,29,,3302,416,169684,1739,12232,2311,153402,468967
10/24/2020,9453,,,1,9452,285576,,23034,,262542,2985,,35,,2950,3749,28,,3302,419,170801,1550,11758,2311,155182,472564
10/25/2020,9600,,,1,9599,288794,,24006,,264788,2997,,36,,2961,3837,29,,3386,422,172634,1826,11851,2311,156646,477862
10/26/2020,9676,,,1,9675,291363,,22298,,269065,2997,,35,,2962,3908,29,,3455,424,173667,1652,10592,2311,159112,481611
10/27/2020,9747,,,1,9746,295337,,22896,,272441,3002,,33,,2969,3913,33,,3455,425,175710,1717,10486,2311,161196,487709
10/28/2020,9853,,,1,9852,297240,,21014,,276226,3007,,33,,2974,3921,41,,3455,425,176589,1745,9912,2311,162621,490610
10/29/2020,9982,,60,1,9921,301090,,18603,,282487,3019,,40,,2979,3949,40,,3478,431,178752,1579,10171,2311,164691,496792
10/30/2020,10146,,60,1,10085,308922,,23145,,285777,3019,,36,,2983,3956,44,,3478,434,181900,1338,11058,2311,167193,507943
10/31/2020,10327,,60,1,10266,313621,,22870,,290751,3022,,39,,2983,3959,47,,3478,434,184070,1735,11912,2311,168112,514999
11/1/2020,10390,,30,1,10359,317753,,23320,,294433,3023,,39,,2984,3961,47,,3478,436,185855,1811,12663,2311,169070,520982
11/2/2020,10535,,,1,10534,319994,,22170,,297824,3023,,30,,2993,3962,48,,3478,436,186632,1960,12092,2311,170269,524146
11/3/2020,10720,,,1,10719,324175,,23400,,300775,3025,,27,,2998,4167,44,,3675,448,189118,2273,12526,2311,172008,531205
11/4/2020,10798,,,1,10797,329301,,23802,,305499,3030,,24,,3006,4210,31,,3714,465,191453,1915,11753,2311,175474,538792
11/5/2020,10839,,,1,10838,333716,,24083,,309633,3040,,26,,3014,4220,40,,3714,466,194393,2082,12419,2311,177581,546208
11/6/2020,10934,,,1,10933,335295,,21281,,314014,3059,,38,,3021,4222,40,,3714,468,195399,2100,11335,2311,179653,548909
11/7/2020,11051,,,1,11050,341191,,24008,,317183,3075,,47,,3028,4233,42,,3714,477,198518,1907,12470,2311,181830,558068
11/8/2020,11185,,,1,11184,344884,,26148,,318736,3085,,49,,3036,4236,42,,3714,480,200694,1909,13612,2311,182862,564084
11/9/2020,11334,,,1,11333,345171,,22232,,322939,3085,,44,,3041,4241,39,,3714,488,200822,1649,11855,2311,185007,564653
11/10/2020,11392,,,1,11391,348726,,21204,,327522,3087,,41,,3046,4249,43,,3714,492,203100,1532,11739,2311,187518,570554
11/11/2020,11495,,,1,11494,351836,,21713,,330123,3092,,36,,3056,4252,41,,3714,497,205925,1404,12908,2311,189302,576600
11/12/2020,11678,,,1,11677,356799,,24385,,332414,3096,,39,,3057,4254,41,,3714,499,209565,1535,14587,2311,191132,585392
11/13/2020,11785,,,1,11784,362473,,27757,,334716,3107,,43,,3064,4315,42,,3773,500,213362,1478,16161,2311,193412,595042
11/14/2020,11881,,,1,11880,364313,,28848,,335465,3111,,45,,3066,4318,45,,3773,500,214350,1514,17023,2311,193502,597973
11/15/2020,12006,,,1,12005,367745,,30555,,337190,3116,,46,,3070,4355,45,,3808,502,216502,1354,18114,2311,194723,603724
11/16/2020,12095,,,1,12094,371581,,33448,,338133,3116,,46,,3070,4461,47,,3911,503,218309,1474,19133,2311,195391,609562
11/17/2020,12210,,,1,12209,375215,,28584,,346631,3125,,48,,3077,4507,47,,3945,515,220956,1315,17684,2311,199646,616013
11/18/2020,12267,,,1,12266,381621,,28143,,353478,3143,,33,,3110,4566,47,,3997,522,225294,1477,17218,2311,204288,626891
11/19/2020,12267,,,1,12266,385965,,28530,,357435,3143,,28,,3115,4661,43,,4092,526,228041,1588,17078,2311,207064,634077
11/20/2020,12364,,,1,12363,391656,,28922,,362734,3159,,29,,3130,4688,41,,4118,529,231910,1584,17490,2311,210525,643777
11/21/2020,12367,,,1,12366,393530,,28624,,364906,3176,,28,,3148,4694,42,,4118,534,233185,1517,17474,2311,211883,646952
11/22/2020,12423,,,1,12422,399938,,33028,,366910,3218,,60,,3158,4700,44,,4118,538,236561,1682,19341,2311,213227,656840
11/23/2020,12466,,,1,12465,403540,,32034,,371506,3229,,65,,3164,4706,44,,4118,544,238175,1613,18061,2311,216190,662116
11/24/2020,12571,,,1,12570,407146,,32187,,374959,3229,,59,,3170,4710,42,,4118,550,239739,1577,17468,2311,218383,667395
11/25/2020,12621,,,1,12620,412758,,34347,,378411,3257,,62,,3195,4744,43,,4148,553,243217,1583,18202,2311,221121,676597
11/26/2020,12691,,,1,12690,419682,,35307,,384375,3266,,39,,3227,4751,47,,4148,556,247299,1486,19121,2311,224381,687689
11/27/2020,12756,,,1,12755,426826,,36226,,390600,3299,,35,,3264,4902,49,,4284,569,251571,1415,19750,2311,228095,699354
11/28/2020,12805,,,1,12804,433658,,39551,,394107,3338,,41,,3297,4905,50,,4284,571,256114,1359,21025,2311,231419,710820
11/29/2020,12897,,,1,12896,439261,,42654,,396607,3355,,47,,3308,4909,51,,4284,574,259412,1410,22825,2311,232866,719834
11/30/2020,12955,,,1,12954,443495,,40338,,403157,3369,,46,,3323,5080,46,,4452,582,261610,1328,21201,2311,236770,726509
12/1/2020,13010,,,1,13009,446437,,38666,,407771,3379,,45,,3334,5081,39,,4452,590,262895,1305,20201,2311,239078,730802
12/2/2020,13053,,,1,13052,452536,,39532,,413004,3393,,46,,3347,5085,43,,4452,590,266413,1376,20318,2311,242408,740480
12/3/2020,13103,,,1,13102,457750,,38423,,419327,3419,,54,,3365,5281,45,,4640,596,270662,1388,20674,2311,246289,750215
12/4/2020,13164,,,1,13163,462561,,37159,,425402,3442,,41,,3401,5288,48,,4640,600,275103,1268,21281,2311,250243,759558
12/5/2020,13189,,,1,13188,464652,,36311,,428341,3454,,46,,3408,5293,50,,4640,603,277276,1223,20929,2311,252813,763864
12/6/2020,13277,,,1,13276,475888,,44978,,430910,3465,,49,,3416,5298,51,,4640,607,283820,1469,24827,2311,255213,781748
12/7/2020,13381,,,1,13380,480248,,42342,,437906,3466,,43,,3423,5302,50,,4640,612,285701,1515,23064,2311,258811,788098
12/8/2020,13385,,,1,13384,483143,,40129,,443014,3483,,45,,3438,5304,45,,4640,619,286988,1403,21175,2311,262099,792303
12/9/2020,13487,,,1,13486,488081,,38001,,450080,3468,,21,,3447,5318,19,,4649,650,289439,1206,19374,2311,266548,799793
12/10/2020,13530,,,1,13529,489757,,35167,,454590,3481,,17,,3464,5313,18,,4640,655,291337,1053,18680,2311,269293,803418
12/11/2020,13621,,,1,13620,494108,,33724,,460384,3483,,19,,3464,5314,19,,4640,655,293204,997,17777,2311,272119,809730
12/12/2020,13734,,,1,13733,496049,,33372,,462677,3505,,19,,3486,5334,38,,4640,656,294602,919,17873,2311,273499,813224
12/13/2020,13871,,,1,13870,497943,,34190,,463753,3521,,24,,3497,5336,39,,4640,657,296265,902,18513,2311,274539,816936
12/14/2020,14081,,,1,14080,501458,,32337,,469121,3527,,28,,3499,5809,37,,5109,663,298338,891,17164,2311,277972,823213
12/15/2020,14130,,,1,14129,504695,,30182,,474513,3529,,23,,3506,5813,37,,5109,667,299705,993,15244,2311,281157,827872
12/16/2020,14189,,,1,14188,510306,,29550,,480756,3529,,22,,3507,5814,36,,5109,669,302401,1110,14636,2311,284344,836239
12/17/2020,14231,,,1,14230,516263,,29438,,486825,3531,,23,,3508,6041,39,,5332,670,306024,1251,15117,2311,287345,846090
12/18/2020,14252,,,1,14251,522934,,30159,,492775,3538,,23,,3515,6045,37,,5332,676,309437,1276,15751,2311,290099,856206
12/19/2020,14388,,,1,14387,527685,,31876,,495809,3553,,27,,3526,6049,41,,5332,676,312519,1321,17727,2311,291160,864194
12/20/2020,14506,,,1,14505,533131,,35407,,497724,3556,,30,,3526,6051,42,,5332,677,315903,1334,20467,2311,291791,873147
12/21/2020,14652,,,1,14651,537156,,39432,,497724,3558,,32,,3526,6054,45,,5332,677,317697,1350,21711,2311,292325,879117
12/22/2020,14681,,,1,14680,540466,,34408,,506058,3558,,25,,3533,6054,38,,5332,684,319317,1349,18663,2311,296994,884076
12/23/2020,14856,,,1,14855,542373,,35374,,506999,3565,,30,,3535,6064,44,,5332,688,320898,1442,19419,2311,297726,887756
12/24/2020,14943,,,1,14942,544030,,32453,,511577,3566,,30,,3536,6077,38,,5332,707,322266,1324,18230,2311,300401,890822
12/25/2020,14946,,,1,14945,550198,,32693,,517505,3571,,30,,3541,6093,38,,5333,722,325709,1003,19001,2311,303394,900517
12/26/2020,15002,,,1,15001,555803,,34927,,520876,3574,,33,,3541,6104,39,,5333,732,328991,717,20999,2311,304964,909474
12/27/2020,15021,,,1,15020,559477,,37111,,522366,3577,,36,,3541,6109,37,,5333,739,330758,635,20333,2311,307479,914942
12/28/2020,15186,,,1,15185,561956,,32883,,529073,3583,,35,,3548,6116,40,,5333,743,332280,740,18704,2311,310525,919121
12/29/2020,15199,,,1,15198,565132,,31403,,533729,3583,,34,,3549,6122,36,,5333,753,333547,1040,16967,2311,313229,923583
12/30/2020,15286,,,1,15285,570443,,31810,,538633,3586,,29,,3557,6141,44,,5333,764,336838,1211,16595,2311,316721,932294
12/31/2020,15428,,,1,15427,572388,,30195,,542193,3590,,30,,3560,6169,48,,5333,788,338740,1202,16358,2311,318869,936315
1/1/2021,15498,,,1,15497,578649,,32408,,546241,3598,,31,,3567,6185,48,,5333,804,342460,1220,17844,2311,321085,946390
1/2/2021,15526,,,1,15525,582349,,33931,,548418,3600,,32,,3568,6194,51,,5333,810,345087,1267,19535,2311,321974,952756
1/3/2021,15580,,,1,15579,584419,,35270,,549149,3604,,32,,3572,6210,55,,5333,823,346196,1224,20153,2311,322508,956009
1/4/2021,15651,,,1,15650,585444,,32375,,553069,3607,,28,,3579,6214,53,,5333,828,346679,1176,18054,2311,325138,957595
1/5/2021,15651,,,1,15650,588626,,30688,,557938,3608,,24,,3584,6214,51,,5333,830,348165,1082,16966,2311,327806,962264
1/6/2021,15704,,,1,15703,591171,,28155,,563016,3619,,25,,3594,6229,53,,5333,843,349743,899,16233,2311,330300,966466
1/7/2021,15706,,,1,15705,593604,,27635,,565969,3633,,30,,3603,6252,56,,5333,863,351166,758,16009,2311,332088,970361
1/8/2021,15722,,,1,15721,595805,,28557,,567248,3651,,35,,3616,6318,69,,5333,916,352651,688,16727,2311,332925,974147
1/9/2021,15741,,,1,15740,597337,,27496,,569841,3663,,38,,3625,6354,101,,5333,920,353971,1749,15688,2311,334223,977066
1/10/2021,15750,,,1,15749,599404,,28027,,571377,3676,,42,,3634,6362,63,,5333,966,355197,1696,14293,2311,336897,980389
1/11/2021,15840,,,1,15839,602881,,3477,,599404,3688,,12,,3676,6368,6,,5333,1029,357486,37,2252,2311,352886,986263
1/12/2021,15489,,,1,15488,603216,,3037,,600179,3691,,6,,3685,6395,5,,5333,1057,519522,33,5665,2311,511513,1148313
1/13/2021,15929,,,1,15928,611485,,9742,,601743,3705,,8,,3697,6408,8,,5333,1067,525155,61,10262,2311,512521,1162682
1/14/2021,16038,,,1,16037,613834,,11957,,601877,3719,,20,,3699,6439,10,,5333,1096,527982,139,11849,2311,513683,1168012
1/15/2021,16069,,,1,16068,615648,,13521,,602127,3737,,37,,3700,6499,12,,5333,1108,530417,177,13638,2311,514291,
1/16/2021,16153,,,1,16152,622851,,18735,,604116,3758,,18,,3740,6521,13,,5333,1175,536128,194,17108,2311,516515,1185411
1/17/2021,16208,,,1,16207,630849,,25283,,605566,3776,,23,,3753,6548,15,,5333,1200,541875,238,21802,2311,517524,1199256
1/18/2021,16258,,,1,16257,631104,,24788,,606316,3792,,23,,3769,6554,16,,5333,1205,542724,262,21411,2311,518740,1200432
1/19/2021,16313,,2,1,16310,634594,1,27277,,607316,3792,,21,,3771,6566,16,11,5333,1206,545376,252,22828,2311,519985,1206641
1/20/2021,16316,,4,1,16311,636432,2,27454,,608976,3801,1,24,,3776,6578,20,15,5333,1210,547648,317,23256,2311,521764,1210775
1/21/2021,16404,,,1,16403,638439,,27455,,610984,3827,,25,,3802,6599,23,,5333,1243,550483,379,23475,2311,524318,1215752
1/22/2021,16479,,,1,16478,640185,,28967,,611218,3836,,27,,3809,6627,70,,5333,1224,553545,450,25987,2311,524797,1220672
1/23/2021,16498,,,1,16497,641595,,25808,,615787,3845,,27,,3818,6645,80,,5333,1232,555467,412,23154,2311,529590,1224050
1/24/2021,16588,,,1,16587,646819,,29521,,617298,3869,,40,,3829,6673,99,,5333,1241,564496,453,28632,2311,533100,1238445
1/25/2021,16588,,,1,16587,647125,,25693,,621432,3869,,38,,3831,6677,102,,5333,1242,564855,418,25727,2311,536399,1239114
1/26/2021,16589,,,1,16588,652852,,26124,,626728,3872,,36,,3836,6681,83,,5333,1265,567566,371,24660,2311,540224,1247560
1/27/2021,16646,,,1,16645,659174,,25909,,633265,3896,,32,,3864,6707,103,,5333,1271,572681,395,25126,2311,544849,1259104
1/28/2021,16694,,,1,16693,661365,,22303,,639062,3912,,22,,3890,6724,104,,5333,1287,578738,357,23972,2311,552098,1267433
1/29/2021,16735,,,1,16734,677646,,16509,,661137,3932,,18,,3914,6737,92,,5333,1312,587777,292,17877,2311,567297,1292827
1/30/2021,16740,,,1,16739,687547,,15608,,671939,3976,,18,,3958,6762,79,,5333,1350,593699,245,16800,2311,574343,1308724
1/31/2021,16789,,,1,16788,696559,,21391,,675168,3998,,18,,3980,6777,85,,5333,1359,599684,255,20446,2311,576672,1323807
2/1/2021,16840,,,1,16839,703657,,23615,,680042,4032,,14,,4018,6786,78,,5333,1375,603199,238,19928,2311,580722,1334514
2/2/2021,16841,,,1,16840,707801,,26705,,681096,4032,,14,,4018,6802,94,,5333,1375,605168,247,21411,2311,581199,1340644
2/3/2021,16892,,,1,16891,710128,,25162,,684966,4036,,13,,4023,6818,95,,5333,1390,607178,261,19139,2311,585467,1345052
2/4/2021,17014,,,1,17013,725175,,31716,,693459,4056,,6,,4050,6844,93,,5333,1418,615688,272,22619,2311,590486,1368777
2/5/2021,17015,,,1,17014,732637,,27690,,704947,4062,,4,,4058,6878,75,,5333,1470,620627,248,19548,2311,598520,1381219
2/6/2021,17077,,,1,17076,734059,,28958,,705101,4067,,7,,4060,6890,84,,5333,1473,622686,324,21207,2311,598844,1384779
2/7/2021,17132,,,1,17131,749947,,34706,,715241,4077,,7,,4070,6943,75,,5333,1535,631934,301,23323,2311,605999,1410033
2/8/2021,17132,,,1,17131,755591,,35516,,720075,4077,,6,,4071,6943,59,,5333,1551,634751,262,22964,2311,609214,1418494
2/9/2021,17181,,,1,17180,758670,,35782,,722888,4098,,6,,4092,6990,72,,5333,1558,637597,254,23564,2311,611468,1424536
2/10/2021,17184,,,1,17183,759606,,33485,,726121,4106,,9,,4097,7026,92,,5333,1601,638802,275,22594,2311,613622,1426724
2/11/2021,17303,,,1,17302,763234,,31005,,732229,4142,,15,,4127,7101,82,,5333,1686,641295,309,21800,2311,616875,1433075
2/12/2021,17395,,,1,17394,780436,,33193,,747243,4161,,14,,4147,7157,96,,5333,1728,650431,295,24917,2311,622908,1459580
2/13/2021,17404,,,1,17403,795979,,44171,,751808,4183,,16,,4167,7199,112,,5333,1754,659577,325,31765,2311,625176,1484342
2/14/2021,17406,,,1,17405,803017,,48810,,754207,4185,,16,,4169,7200,112,,5333,1755,663417,322,34482,2311,626302,1495225
2/15/2021,17423,,,1,17422,807116,,46155,,760961,4203,,16,,4187,7208,101,,5333,1774,666550,285,32956,2311,630998,1502500
2/16/2021,17423,,,1,17422,810884,,41789,,769095,4221,,13,,4208,7211,97,,5333,1781,669133,269,29871,2311,636682,1508872
2/17/2021,17424,,,1,17423,815975,,39454,,776521,4235,,9,,4226,7256,93,,5333,1830,672830,266,28436,2311,641817,1517720
2/18/2021,17424,,,1,17423,818296,,34898,,783398,4259,,9,,4250,7289,99,,5333,1857,675949,293,26560,2311,646785,1523217
2/19/2021,17424,,,1,17423,822499,,31026,,791473,4283,,9,,4274,7326,102,,5333,1891,679414,299,24728,2311,652076,1530946
2/20/2021,17424,,,1,17423,823882,,27460,,796422,4312,,9,,4303,7346,107,,5333,1906,682091,293,22479,2311,657008,1535055
2/21/2021,17424,,,1,17423,838656,,35838,,802818,4320,,9,,4311,7359,105,,5333,1921,690193,288,26677,2311,660917,1557952
2/22/2021,17424,,,1,17423,844335,,32968,,811367,4342,,8,,4334,7373,98,,5333,1942,693445,267,25160,2311,665707,1566919
2/23/2021,17424,,,1,17423,847546,,30697,,816849,4342,,3,,4339,7375,87,,5333,1955,695717,244,23316,2311,669846,1572404
2/24/2021,17427,,,1,17426,853526,,30058,,823468,4367,,3,,4364,7392,80,,5333,1979,700314,219,23354,2311,674430,1583026
2/25/2021,17431,,,1,17430,855359,,27501,,827858,4378,,2,,4376,7415,80,,5333,2002,702398,202,21526,2311,678359,1586981
2/26/2021,17451,,,1,17450,870125,,36176,,833949,4416,,2,,4414,7440,87,,5333,2020,711023,201,26375,2311,682136,1610455
2/27/2021,17454,,,1,17453,878966,,40016,,838950,4439,,3,,4436,7464,95,,5333,2036,714770,216,27044,2311,685199,1623093
2/28/2021,17463,,,1,17462,886591,,44028,,842563,4452,,3,,4449,7476,95,,5333,2048,717950,197,28717,2311,686725,1633932
3/1/2021,17465,,,1,17464,892380,,43016,,849364,4486,,3,,4483,7489,86,,5333,2070,719998,175,27536,2311,689976,1641818
3/2/2021,17469,,,1,17468,893201,,39762,,853439,4486,,2,,4484,7492,74,,5333,2085,721613,165,25068,2311,694069,1644261
3/3/2021,17469,,,1,17468,895034,,36067,,858967,4505,,2,,4503,7505,72,,5333,2100,723389,160,22614,2311,698304,1647902
3/4/2021,17476,,,1,17475,903633,,36710,,866923,4546,,1,,4545,7537,75,,5333,2129,727084,172,21702,2311,702899,1660276
3/5/2021,17476,,,1,17475,917412,,40960,,876452,4578,,7,,4571,7553,74,,5333,2146,732002,165,21808,2311,707718,1679021
3/6/2021,17476,,,1,17475,927216,,45316,,881900,4641,,11,,4630,7575,76,,5333,2166,736043,165,22876,2311,710691,1692951
3/7/2021,17479,,,1,17478,935157,,42752,,892405,4695,,12,,4683,7596,68,,5333,2195,739274,170,20169,2311,716624,1704201
3/8/2021,17481,,,1,17480,943553,,49087,,894466,4743,,12,,4731,7611,76,,5333,2202,741605,208,21991,2311,717095,1714993
3/9/2021,17481,,,1,17480,945905,,45606,,900299,4743,,12,,4731,7613,60,,5333,2220,742400,192,19539,2311,720358,1718142
3/10/2021,17485,,,1,17484,947565,,41371,,906194,4757,,12,,4745,7628,55,,5333,2240,743890,191,17864,2311,723524,1721325
3/11/2021,17487,,,1,17486,960815,,44639,,916176,4776,,14,,4762,7645,55,,5333,2257,748586,206,19379,2311,726690,1739309
3/12/2021,17504,,,1,17503,962666,,40560,,922106,4803,,19,,4784,7695,72,,5333,2290,750353,208,17904,2311,729930,1743021
3/13/2021,17504,,,1,17503,972395,,44581,,927814,4803,,19,,4784,7698,69,,5333,2296,753779,195,19258,2311,732015,1756179
3/14/2021,17504,,,1,17503,979360,,47868,,931492,4852,,20,,4832,7720,84,,5333,2303,756544,219,20805,2311,733209,1765980
3/15/2021,17504,,,1,17503,979825,,41020,,938805,4880,,16,,4864,7740,84,,5333,2323,757385,254,18240,2311,736580,1767334
3/16/2021,17504,,,1,17503,987745,,41419,,946326,4887,,16,,4871,7796,75,,5384,2337,759394,238,17365,2311,739480,1777326
3/17/2021,17507,,,1,17506,995035,,39830,,955205,4943,,8,,4935,7829,70,,5403,2356,762619,230,17072,2311,743006,1787933
3/18/2021,17512,,,1,17511,1002426,,39394,,963032,5012,,8,,5004,7888,83,,5436,2369,766140,241,17178,2311,746410,1798978
3/19/2021,17527,,,1,17526,1003713,,34021,,969692,5058,,7,,5051,7903,84,,5436,2383,768009,200,16389,2311,749109,1802210
3/20/2021,17527,,,1,17526,1017886,,40476,,977410,5097,,7,,5090,7917,81,,5436,2400,772766,205,18291,2311,751959,1821193
3/21/2021,17527,,,1,17526,1019291,,759,,1018532,5117,,1,,5116,7930,3,,5436,2491,774152,22,724,2311,771095,1824017
3/22/2021,17527,,,1,17526,1034025,,10377,,1023648,5141,,1,,5140,7996,14,,5480,2502,778309,38,3831,2311,772129,1842998
3/23/2021,17529,,,1,17528,1039836,,13526,,1026310,5141,,1,,5140,7997,14,,5480,2503,780142,38,5280,2311,772513,1850645
3/24/2021,17529,,,1,17528,1047994,,18546,,1029448,5182,,2,,5180,8054,16,,5517,2521,783708,56,7462,2311,773879,1862467
3/25/2021,17533,,,1,17532,1056685,,24597,,1032088,5249,,2,,5247,8094,21,,5543,2530,787924,91,10327,2311,775195,1875485
3/26/2021,17537,,,1,17536,1065846,,30943,,1034903,5278,,2,,5276,8110,30,,5543,2537,791467,102,12542,2311,776512,1888238
3/27/2021,17540,,,1,17539,1075628,,37354,,1038274,5309,,3,,5306,8182,36,,5587,2559,795425,119,15131,2311,777864,1902084
3/28/2021,17540,,,1,17539,1085207,,42399,,1042808,5349,,4,,5345,8231,44,,5620,2567,799308,116,17039,2311,779842,1915635
3/29/2021,17540,,,1,17539,1093878,,46834,,1047044,5365,,4,,5361,8270,52,,5648,2570,801759,138,18363,2311,780947,1926812
3/30/2021,17540,,,1,17539,1101140,,51032,,1050108,5365,,4,,5361,8320,52,,5690,2578,803856,144,19550,2311,781851,1936221
3/31/2021,17544,,,1,17543,1105780,,51942,,1053838,5393,,4,,5389,8375,65,,5728,2582,806067,146,20005,2311,783605,1943159
4/1/2021,17545,,,1,17544,1114093,,53456,,1060637,5423,,5,,5418,8437,69,,5753,2615,809506,142,20541,2311,786512,1955004
4/2/2021,17546,,,1,17545,1122661,,52397,,1070264,5434,,4,,5430,8478,61,,5791,2626,812358,152,19955,2311,789940,1966477
4/3/2021,17546,,,1,17545,1129975,,53980,,1075995,5460,,4,,5456,8539,62,,5832,2645,814703,141,20203,2311,792048,1976223
4/4/2021,17548,,,1,17547,1130134,,50709,,1079425,5460,,4,,5456,8582,64,,5874,2644,814718,124,18958,2311,793325,1976442
4/5/2021,17548,,,1,17547,1137731,,48987,,1088744,5483,,3,,5480,8638,69,,5908,2661,817254,113,18788,2311,796042,1986654
4/6/2021,17548,,,1,17547,1140065,,43974,,1096091,5486,,3,,5483,8688,59,,5956,2673,818267,96,17420,2311,798440,1990054
4/7/2021,17549,,,1,17548,1140492,,37967,,1102525,5507,,3,,5504,8736,57,,5995,2684,819343,135,15858,2311,801039,1991627
4/8/2021,17549,,,1,17548,1154318,,41851,,1112467,5515,,2,,5513,8796,57,,6035,2704,824298,112,17007,2311,804868,2010476
4/9/2021,17549,,,1,17548,1161526,,40789,,1120737,5536,,2,,5534,8861,50,,6082,2729,826943,129,17181,2311,807322,2020415
4/10/2021,17549,,,1,17548,1169200,,41025,,1128175,5573,,2,,5571,8911,50,,6121,2740,829579,128,17649,2311,809491,2030812
4/11/2021,17549,,,1,17548,1176504,,44270,,1132234,5581,,3,,5578,8969,54,,6173,2742,832647,114,19033,2311,811189,2041250
4/12/2021,17549,,,1,17548,1181979,,41793,,1140186,5594,,2,,5592,9007,43,,6208,2756,834744,102,18223,2311,814108,2048873
4/13/2021,17549,,,1,17548,1184497,,39139,,1145358,5594,,1,,5593,9041,43,,6237,2761,835973,101,17535,2311,816026,2052654
4/14/2021,17549,,,1,17548,1189635,,38124,,1151511,5628,,1,,5627,9095,42,,6281,2772,838821,122,16908,2311,819480,2060728
4/15/2021,17549,,,1,17548,1196970,,39447,,1157523,5675,,0,,5675,9167,43,,6329,2795,842596,106,17401,2311,822778,2071957
4/16/2021,17549,,,1,17548,1203820,,41477,,1162343,5712,,1,,5711,9220,44,,6369,2807,846269,130,18733,2311,825095,2082570
4/17/2021,17550,,,1,17549,1209819,,42240,,1167579,5729,,1,,5728,9270,48,,6411,2811,850186,120,19794,2311,827961,2092554
4/18/2021,17550,,,1,17549,1216116,,44306,,1171810,5750,,1,,5749,9334,62,,6446,2826,853243,148,21007,2311,829777,2101993
4/19/2021,17550,,,1,17549,1219315,,40625,,1178690,7065,,528,,6537,9473,93,,6485,2895,855347,123,20793,2311,832120,2108750
4/20/2021,17550,,,1,17549,1220915,,37341,,1183574,8501,,1521,,6980,9561,125,,6526,2910,856439,113,18959,2311,835056,2112966
4/21/2021,17552,,,1,17551,1224929,,36034,,1188895,9879,,2334,,7545,9651,145,,6576,2930,859418,160,19418,2311,837529,2121429
4/22/2021,17552,,,1,17551,1229256,,33817,,1195439,10851,,2789,,8062,9809,249,,6616,2944,863196,215,21032,2311,839638,2130664
4/23/2021,17552,,,1,17551,1234161,,33295,,1200866,12388,,2987,,9401,9903,291,,6661,2951,866565,219,21069,2311,842966,2140569
4/24/2021,17553,,,1,17552,1238342,,33814,,1204528,14976,,3413,,11563,10058,380,,6711,2967,869792,217,22082,2311,845182,2150721
4/25/2021,17553,,,1,17552,1242294,,34884,,1207410,16112,,3743,,12369,10287,457,,6750,3080,872333,217,22899,2311,846906,2158579
4/26/2021,17553,,,1,17552,1244590,,32194,,1212396,17124,,4014,,13110,10379,504,,6781,3094,874269,209,20923,2311,850826,2163915
4/27/2021,17553,,,1,17552,1246417,,30487,,1215930,18052,,4505,,13547,10427,505,,6819,3103,875817,190,20399,2311,852917,2168266
4/28/2021,17553,,,1,17552,1249417,,28762,,1220655,19375,,4700,,14675,10503,506,,6858,3139,879203,208,20949,2311,855735,2176051
4/29/2021,17553,,,1,17552,1253302,,28473,,1224829,20993,,5733,,15260,10660,570,,6909,3181,882265,208,21073,2311,858673,2184773
4/30/2021,17553,,,1,17552,1258215,,29442,,1228773,22555,,5636,,16919,10790,571,,6948,3271,887079,189,23042,2311,861537,2196192
5/1/2021,17565,,,1,17564,1262727,,30515,,1232212,24235,,4847,,19388,10882,574,,6984,3324,892776,182,26234,2311,864049,2208185
5/2/2021,17587,,,1,17586,1267976,,33103,,1234873,26703,,5033,,21670,10997,615,,7030,3352,898113,183,28494,2311,867125,2221376
5/3/2021,17637,,,1,17636,1271002,,34980,,1236022,27369,,5364,,22005,11162,649,,7061,3452,901763,191,30319,2311,868942,2228933
5/4/2021,17637,,,1,17636,1271828,,27406,,1244422,27857,,4097,,23760,11235,504,,7096,3635,907008,132,29008,2311,875557,2235565
5/5/2021,17734,,,1,17733,1276941,,27541,,1249400,29038,,4498,,24540,11309,463,,7121,3725,910749,126,29604,2311,878708,2245771
5/6/2021,17841,,,1,17840,1282187,,28353,,1253834,30354,,4678,,25676,11507,517,,7171,3819,919509,137,35932,2311,881129,2261398
5/7/2021,17953,,,1,17952,1287163,,29051,,1258112,31991,,4565,,27426,11617,512,,7204,3901,924960,139,38322,2311,884188,2273684
5/8/2021,18018,,,1,18017,1292845,,30735,,1262110,33559,,5284,,28275,11738,546,,7236,3956,930386,129,39625,2311,888321,2286546
5/9/2021,18185,,,1,18184,1297552,,32624,,1264928,35387,,6294,,29093,11881,635,,7271,3975,935992,132,42240,2311,891309,2298997
5/10/2021,18342,,,1,18341,1300786,,31040,,1269746,37598,,6379,,31219,11995,598,,7300,4097,939454,120,41603,2311,895420,2308175
5/11/2021,18342,,,1,18341,1302465,,28806,,1273659,38231,,6763,,31468,12037,538,,7326,4173,942438,104,40450,2311,899573,2313513
5/12/2021,18448,,,1,18447,1306356,,27642,,1278714,38766,,6619,,32147,12156,522,,7376,4258,947854,114,41721,2311,903708,2323580
5/13/2021,18590,,,1,18589,1311304,,27882,,1283422,39551,,6849,,32702,12265,506,,7411,4348,952480,122,40433,2311,909614,2334190
5/14/2021,18644,,,1,18643,1314478,,26295,,1288183,40243,,7053,,33190,12396,489,,7456,4451,955698,119,37120,2311,916148,2341459
5/15/2021,18684,,,1,18683,1315050,,25200,,1289850,40715,,7116,,33599,12466,488,,7501,4477,956528,113,35438,2311,918666,2343443
5/16/2021,18716,,,1,18715,1315714,,24253,,1291461,41314,,6328,,34986,12515,482,,7538,4495,957983,104,33489,2311,922079,2346242
5/17/2021,18819,,,1,18818,1317795,,21762,,1296033,41893,,5954,,35939,12580,428,,7569,4583,960591,101,30332,2311,927847,2351678
5/18/2021,18820,,,1,18819,1319558,,19159,,1300399,42376,,5274,,37102,12632,374,,7601,4657,962684,97,26894,2311,933382,2356070
5/19/2021,18926,,,1,18925,1323540,,18894,,1304646,42970,,4788,,38182,12689,300,,7635,4754,969716,134,27811,2311,939460,2367841
5/20/2021,19044,,,1,19043,1328590,,20005,,1308585,44024,,5313,,38711,12796,292,,7677,4827,976755,131,30257,2311,944056,2381209
5/21/2021,19103,,,1,19102,1333824,,21275,,1312549,45000,,4528,,40472,12964,333,,7725,4906,983749,138,33023,2311,948277,2394640
5/22/2021,19103,,,1,19102,1340210,,24631,,1315579,46478,,4702,,41776,13100,395,,7774,4931,991840,139,38363,2311,951027,2410731
5/23/2021,19103,,,1,19102,1346243,,28689,,1317554,48611,,5419,,43192,13240,478,,7818,4944,1000574,166,44695,2311,953402,2427771
5/24/2021,19146,,,1,19145,1351496,,30213,,1321283,49644,,5808,,43836,13315,472,,7860,4983,1004907,165,42854,2311,959577,2438508
5/25/2021,19154,,,1,19153,1354306,,29821,,1324485,51040,,6432,,44608,13376,454,,7898,5024,1008244,150,43148,2311,962635,2446120
5/26/2021,19161,,,1,19160,1359653,,33236,,1326417,52023,,6265,,45758,13455,445,,7939,5071,1016385,172,49553,2311,964349,2460677
5/27/2021,19163,,,1,19162,1365259,,37845,,1327414,53245,,7070,,46175,13583,497,,7978,5108,1023312,180,55196,2311,965625,2474562
5/28/2021,19187,,,1,19186,1369163,,40493,,1328670,54008,,7393,,46615,13666,521,,8015,5130,1025573,180,56158,2311,966924,2481597
5/29/2021,19251,,,1,19250,1374781,,43063,,1331718,55011,,7716,,47295,13784,545,,8058,5181,1033609,185,61440,2311,969673,2496436
5/30/2021,19280,,,1,19279,1381155,,5289,,1375866,56933,,1658,,55275,13894,53,,8099,5742,1040764,17,6473,2311,1031963,2512026
5/31/2021,19283,,,1,19282,1388562,,10891,,1377671,58242,,2720,,55522,14020,127,,8137,5756,1046118,29,11232,2311,1032546,2526225
6/1/2021,19312,,,1,19311,1392600,,13669,,1378931,59115,,3141,,55974,14086,153,,8173,5760,1049554,34,14278,2311,1032931,2534667
6/2/2021,19322,,,1,19321,1398550,,18442,,1380108,60001,,3901,,56100,14178,173,,8214,5791,1056184,47,20385,2311,1033441,2548235
6/3/2021,19334,,,1,19333,1402176,,21337,,1380839,60878,,4668,,56210,14262,215,,8246,5801,1060223,49,24026,2311,1033837,2556873
6/4/2021,19383,,,1,19382,1408224,,26795,,1381429,61631,,5078,,56553,14343,258,,8283,5802,1067664,69,30628,2311,1034656,2571245
6/5/2021,19435,,,1,19434,1417507,,35272,,1382235,62341,,5645,,56696,14509,384,,8322,5803,1073132,92,35252,2311,1035477,2586924
6/6/2021,19447,,,1,19446,1423505,,40417,,1383088,63677,,6872,,56805,14629,448,,8363,5818,1079610,103,40665,2311,1036531,2600868
6/7/2021,19461,,,1,19460,1428099,,43584,,1384515,64435,,7551,,56884,14726,508,,8398,5820,1083622,105,43929,2311,1037277,2610343
6/8/2021,19469,,,1,19468,1431713,,46016,,1385697,64973,,7913,,57060,14829,556,,8439,5834,1086930,106,46068,2311,1038445,2617914
6/9/2021,19501,,,1,19500,1436923,,49463,,1387460,65371,,7937,,57434,14888,568,,8477,5843,1092282,117,50406,2311,1039448,2628965
6/10/2021,19552,,,1,19551,1443755,,50893,,1392862,65873,,6833,,59040,15027,607,,8516,5904,1098226,121,53410,2311,1042384,2642433
6/11/2021,19595,,,1,19594,1451548,,52315,,1399233,67299,,7154,,60145,15181,625,,8558,5998,1105177,114,53624,2311,1049128,2658800
6/12/2021,19645,,,1,19644,1458933,,54713,,1404220,68515,,7818,,60697,15319,660,,8602,6057,1111539,119,55662,2311,1053447,2673951
6/13/2021,19681,,,1,19680,1466125,,59313,,1406812,68997,,7732,,61265,15491,779,,8647,6065,1117151,134,57374,2311,1057332,2687445
6/14/2021,19708,,,1,19707,1472671,,58514,,1414157,69645,,7682,,61963,15608,792,,8687,6129,1120869,131,54310,2311,1064117,2698501
6/15/2021,19717,,,1,19716,1475758,,58259,,1417499,69932,,7575,,62357,15675,789,,8724,6162,1123960,124,54842,2311,1066683,2705042
6/16/2021,19745,,,1,19744,1480368,,55456,,1424912,70755,,7300,,63455,15812,769,,8775,6268,1128672,129,53930,2311,1072302,2715352
6/17/2021,19796,,,1,19795,1487515,,56368,,1431147,71208,,6830,,64378,15996,769,,8839,6388,1134662,134,54108,2311,1078109,2729177
6/18/2021,19822,,,1,19821,1491069,,54720,,1436349,71692,,6447,,65245,16224,798,,8945,6481,1146535,130,60255,2311,1083839,2745342
6/19/2021,19883,,,1,19882,1499013,,58119,,1440894,72830,,6786,,66044,16515,928,,9063,6524,1153512,134,62969,2311,1088098,2761753
6/20/2021,19942,,,1,19941,1507557,,64070,,1443487,73234,,6950,,66284,16770,1013,,9187,6570,1160691,134,65788,2311,1092458,2778194
6/21/2021,19982,,,1,19981,1514935,,64023,,1450912,73686,,6909,,66777,17012,1024,,9324,6664,1166521,128,65416,2311,1098666,2792136
6/22/2021,19989,,,1,19988,1520601,,63015,,1457586,74780,,7221,,67559,17297,1081,,9473,6743,1169800,111,63025,2311,1104353,2802467
6/23/2021,20024,,,1,20023,1526400,,62010,,1464390,75075,,6336,,68739,17565,1108,,9626,6831,1176070,113,63917,2311,1109729,2815134
6/24/2021,20087,,,1,20086,1534799,,64101,,1470698,75527,,6220,,69307,17875,1170,,9782,6923,1182092,112,63502,2311,1116167,2830380
6/25/2021,20139,,,1,20138,1542366,,64803,,1477563,75402,,5522,,69880,18204,1203,,9948,7053,1188110,89,63047,2311,1122663,2844221
6/26/2021,20225,,,1,20224,1550959,,69054,,1481905,76136,,5724,,70412,18557,1317,,10121,7119,1193895,92,64924,2311,1126568,2859772
6/27/2021,20274,,,1,20273,1558687,,74079,,1484608,76838,,5747,,71091,18940,1508,,10279,7153,1200183,101,66967,2311,1130804,2874922
6/28/2021,20316,,,1,20315,1566239,,73645,,1492594,77259,,5624,,71635,19171,1496,,10413,7262,1205217,77,65511,2311,1137318,2888202
6/29/2021,20342,,,1,20341,1571314,,73560,,1497754,77759,,5754,,72005,19361,1470,,10538,7353,1208719,76,61994,2311,1144338,2897495
6/30/2021,20362,,,1,20361,1579706,,73427,,1506279,78174,,5648,,72526,19640,1461,,10664,7515,1216217,70,61650,2311,1152186,2914099